{
  "accuracy": 0.88425,
  "classification_report": {
    "0": {
      "precision": 0.8106442577030812,
      "recall": 0.9204834605597965,
      "f1-score": 0.8620792374143581,
      "support": 1572.0
    },
    "1": {
      "precision": 0.9435665914221218,
      "recall": 0.8607907742998353,
      "f1-score": 0.9002799913848805,
      "support": 2428.0
    },
    "accuracy": 0.88425,
    "macro avg": {
      "precision": 0.8771054245626015,
      "recall": 0.8906371174298159,
      "f1-score": 0.8811796143996193,
      "support": 4000.0
    },
    "weighted avg": {
      "precision": 0.8913281142705389,
      "recall": 0.88425,
      "f1-score": 0.8852670950744651,
      "support": 4000.0
    }
  },
  "confusion_matrix": [
    [
      1447,
      125
    ],
    [
      338,
      2090
    ]
  ],
  "cv_scores": [
    0.89375,
    0.885,
    0.91,
    0.8775,
    0.90375
  ],
  "cv_mean": 0.8940000000000001,
  "cv_std": 0.011869077470469249
}